"transparency_indicator","domain_filter","predicted_prob","transparency_label"
0,"Technology",0.77421316087203,"No"
1,"Technology",0.824900496501953,"Yes"
0,"Education",0.695614034381289,"No"
1,"Education",0.758440939457378,"Yes"
0,"Health",0.426333588741555,"No"
1,"Health",0.505206447274087,"Yes"
0,"Hiring",0.387978095469982,"No"
1,"Hiring",0.465513170866293,"Yes"
0,"Law",0.505451576959428,"No"
1,"Law",0.584059262936641,"Yes"
