"term","estimate","odds_ratio","conf_low","conf_high","p_value"
"Intercept",1.23225587282736,3.42895610684034,0.604029906068284,27.7661445536167,0.169597330243802
"Transparency indicator",0.31765249217858,1.3738987377036,0.262270326858135,6.50496505112395,0.69300952361369
"Education vs Technology",-0.405757434475757,0.666471810903731,0.0680229710595357,8.64380660858068,0.7298797171955
"Health vs Technology",-1.52908182315847,0.216734576654101,0.020344642844477,1.82703436112283,0.16071990019266
"Hiring vs Technology",-1.68807506335953,0.184875054462638,0.0173725552616289,1.56103706290886,0.120695638946464
"Law vs Technology",-1.21044870082569,0.298063508078291,0.0373319371462095,2.04077064418624,0.21571584521897
